valid_task,valid_accuracy,valid_balanced_accuracy,valid_mcc,valid_precision_macro,valid_recall_macro,valid_f1_macro,valid_precision_weighted,valid_recall_weighted,valid_f1_weighted,valid_log_loss,valid_roc_auc,fold,seed,epoch,task,accuracy,balanced_accuracy,mcc,precision_macro,recall_macro,f1_macro,precision_weighted,recall_weighted,f1_weighted,log_loss,roc_auc
classification,0.8849469365984516,0.8556889187603787,0.7064114971401868,0.8507399141298659,0.8556889187603787,0.8531591940850745,0.8858254026070362,0.8849469365984516,0.8853499303838768,0.3900786977908082,,0.0,0.0,0.0,,,,,,,,,,,,
classification,0.8950497689996784,0.864684286850752,0.7299800327927786,0.8652960022474349,0.864684286850752,0.8649893580732422,0.8949628462185614,0.8950497689996784,0.8950057954610791,0.44483909833486246,,0.0,0.0,1.0,,,,,,,,,,,,
classification,0.9004933758990972,0.8689165153457967,0.7426284227546266,0.8737274907346515,0.8689165153457967,0.8712752894549196,0.8999093200421322,0.9004933758990972,0.9001710769162755,0.46338844504425697,,0.0,0.0,2.0,,,,,,,,,,,,
classification,0.9039211226066562,0.8726430656352704,0.7511901130133207,0.8785704323566219,0.8726430656352704,0.8755372385001534,0.9032529935468206,0.9039211226066562,0.9035420927164,0.5016868570847176,,0.0,0.0,3.0,,,,,,,,,,,,
classification,0.906376236381178,0.8646971643465975,0.7535134627229253,0.8892150762413725,0.8646971643465975,0.8758478304550009,0.9047472332489811,0.906376236381178,0.9048551038313519,0.5334763216727533,,0.0,0.0,4.0,,,,,,,,,,,,
classification,0.9057016683792327,0.8715921889661192,0.7544078866649145,0.8829004459470181,0.8715921889661192,0.8769997903982035,0.9046060707434667,0.9057016683792327,0.9049951319333572,0.5418616915565633,,0.0,0.0,5.0,,,,,,,,,,,,
classification,0.9105726768583956,0.8727845064671049,0.7654176794274139,0.892897380266892,0.8727845064671049,0.8820991395159246,0.9091729591885602,0.9105726768583956,0.9093987774305146,0.6079414084892021,,0.0,0.0,6.0,,,,,,,,,,,,
classification,0.9062899544274408,0.872894632709901,0.756159990641811,0.883337464052645,0.872894632709901,0.8779057940725397,0.9052670205146642,0.9062899544274408,0.9056430338376049,0.6097988382387493,,0.0,0.0,7.0,,,,,,,,,,,,
classification,0.909725544948976,0.8772535615356958,0.7650929525830784,0.8879136513048567,0.8772535615356958,0.8823680900001534,0.9087454922987132,0.909725544948976,0.9090968067192066,0.6073605271909338,,0.0,0.0,8.0,,,,,,,,,,,,
classification,0.9069802100573383,0.8716916959683381,0.7571578709896379,0.8855937917230171,0.8716916959683381,0.8782754123297146,0.9057450170045709,0.9069802100573383,0.9061266236800719,0.6383314272714754,,0.0,0.0,9.0,,,,,,,,,,,,
,,,,,,,,,,,,,,,classification,0.9068460795190209,0.8747771822919786,0.7706817940464677,0.8962023675256405,0.8747771822919786,0.8844813845223172,0.9056823582784713,0.9068460795190209,0.9055527653146568,0.6462394851749855,
classification,0.886348514587977,0.8401420826009776,0.7062876229472064,0.8666425237020801,0.8401420826009776,0.8519085899805018,0.8840548276392012,0.886348514587977,0.8842203347789194,0.500404564098574,,1.0,0.0,0.0,,,,,,,,,,,,
classification,0.8953558002594897,0.8532989036245324,0.7303718090633597,0.8774728523085088,0.8532989036245324,0.864192880223256,0.8934754902959637,0.8953558002594897,0.8936265709304425,0.4831358482056212,,1.0,0.0,1.0,,,,,,,,,,,,
classification,0.8967530523304168,0.8493117231844632,0.7324490665356423,0.8839562198043025,0.8493117231844632,0.8642845152218337,0.8949677302348723,0.8967530523304168,0.8943183261163572,0.5146082644548421,,1.0,0.0,2.0,,,,,,,,,,,,
classification,0.9009448085431984,0.854743289736158,0.7435328057395679,0.8896064063834246,0.854743289736158,0.8698417860266086,0.8993734617022061,0.9009448085431984,0.8986291214169463,0.5374785776562737,,1.0,0.0,3.0,,,,,,,,,,,,
classification,0.9031072224624904,0.8629508747362924,0.7504949116231906,0.887960638462115,0.8629508747362924,0.8742266500254827,0.9015057162110042,0.9031072224624904,0.9014951716266564,0.5727286762016695,,1.0,0.0,4.0,,,,,,,,,,,,
classification,0.9045876442995442,0.8639133592885918,0.7541125853611587,0.8906738904225756,0.8639133592885918,0.8759039783177034,0.9030392470668136,0.9045876442995442,0.9028975677273173,0.5748162413956421,,1.0,0.0,5.0,,,,,,,,,,,,
classification,0.9057520210253168,0.8680649506887287,0.7578562488601568,0.8901119169739355,0.8680649506887287,0.8781348336293684,0.9042743389127322,0.9057520210253168,0.9043826933438867,0.611261065545548,,1.0,0.0,6.0,,,,,,,,,,,,
classification,0.9073156126284972,0.8681383910076275,0.7614110094776887,0.8937016211261033,0.8681383910076275,0.8796620264391646,0.9058673537256537,0.9073156126284972,0.9057620834970032,0.6391602065949025,,1.0,0.0,7.0,,,,,,,,,,,,
classification,0.904371402907615,0.8755081380725478,0.7575889210639606,0.8821095437936761,0.8755081380725478,0.8787179118431689,0.9036599234612374,0.904371402907615,0.9039548085465917,0.6219178016258776,,1.0,0.0,8.0,,,,,,,,,,,,
classification,0.9085298912139459,0.8675171041122222,0.7640942202532722,0.8971515685200459,0.8675171041122222,0.8806755359637464,0.9071700321117226,0.9085298912139459,0.9067596254358055,0.6547595755876192,,1.0,0.0,9.0,,,,,,,,,,,,
,,,,,,,,,,,,,,,classification,0.9096918648043502,0.8763956404285314,0.7730939863852905,0.8969721269251683,0.8763956404285314,0.885817553182161,0.908473827298566,0.9096918648043502,0.9084912834566463,0.6394179217002588,
classification,0.869147947327653,0.7984307822694143,0.6610522479990456,0.866073224133838,0.7984307822694143,0.8228307648804563,0.8683797556674738,0.869147947327653,0.862536018496737,0.6775920007554881,,2.0,0.0,0.0,,,,,,,,,,,,
classification,0.8856932610379551,0.8410662106934261,0.7092080754494757,0.8686792171966713,0.8410662106934261,0.853201254354139,0.8835164241502357,0.8856932610379551,0.8834726324302774,0.5473019806594219,,2.0,0.0,1.0,,,,,,,,,,,,
classification,0.8900542215336948,0.850729759769725,0.721827292135189,0.8713932345043303,0.850729759769725,0.8601196617668274,0.8881922197097714,0.8900542215336948,0.888482358913071,0.6563286358286531,,2.0,0.0,2.0,,,,,,,,,,,,
classification,0.8909914794732765,0.848061420569381,0.7229721360775978,0.8754285010168299,0.848061420569381,0.8601415350228451,0.8890439416311849,0.8909914794732765,0.8889323742798853,0.6918402999574721,,2.0,0.0,3.0,,,,,,,,,,,,
classification,0.8951975213013168,0.8460435692701214,0.7322968789267266,0.8874213874403933,0.8460435692701214,0.8633134210197912,0.8938810649214441,0.8951975213013168,0.8922490397414105,0.7074628306015048,,2.0,0.0,4.0,,,,,,,,,,,,
classification,0.8967079783113865,0.8524477172998626,0.737036185711417,0.8853212209811681,0.8524477172998626,0.8666750897755978,0.8950897329624861,0.8967079783113865,0.8944106508006193,0.7312752880224357,,2.0,0.0,5.0,,,,,,,,,,,,
classification,0.8966615027110767,0.8535332703296532,0.7371705315441189,0.8842781133939142,0.8535332703296532,0.8669577777455287,0.8949899647437515,0.8966615027110767,0.8945116699915656,0.7515924372253481,,2.0,0.0,6.0,,,,,,,,,,,,
classification,0.9003795507358636,0.8659521350924126,0.7489060254610023,0.8831513613318331,0.8659521350924126,0.873920880782864,0.8989526179062702,0.9003795507358636,0.8992364875186386,0.7106542736474032,,2.0,0.0,7.0,,,,,,,,,,,,
classification,0.8979783113865221,0.8687288976074823,0.7450863128574396,0.8763968712580157,0.8687288976074823,0.8724311982352062,0.8971093436310086,0.8979783113865221,0.8974534221941551,0.7429354304710913,,2.0,0.0,8.0,,,,,,,,,,,,
classification,0.8983733539891557,0.8596571894437806,0.7426103918136867,0.8833304395239121,0.8596571894437806,0.8703172946440789,0.8967333423412681,0.8983733539891557,0.8967558133974182,0.8085581121574007,,2.0,0.0,9.0,,,,,,,,,,,,
,,,,,,,,,,,,,,,classification,0.9135320686540199,0.8829362413434776,0.7728759121542765,0.8899716918230514,0.8829362413434776,0.8863635156669247,0.9128593073109444,0.9135320686540199,0.9131385542891461,0.5825142902306163,
classification,0.886662220223046,0.82753902714064,0.6939472990872166,0.8675614308578773,0.82753902714064,0.8445197857275197,0.883922668985484,0.886662220223046,0.8834065868952671,0.4279681635482155,,3.0,0.0,0.0,,,,,,,,,,,,
classification,0.8992104977431713,0.8449274130819306,0.7287435688886637,0.8849122808560608,0.8449274130819306,0.8620725384941916,0.8972354212564276,0.8992104977431713,0.8964551795493539,0.43442664063549913,,3.0,0.0,1.0,,,,,,,,,,,,
classification,0.9010330225993082,0.8739798362912912,0.7440760474417815,0.8701062936086676,0.8739798362912912,0.8720128354285277,0.9015869736066339,0.9010330225993082,0.9012906164038991,0.4094511246778894,,3.0,0.0,2.0,,,,,,,,,,,,
classification,0.9077802422794745,0.8714078323149317,0.7564900323369175,0.8852080645810491,0.8714078323149317,0.8779563675832817,0.9065424198459529,0.9077802422794745,0.9069394411808243,0.43145778034846094,,3.0,0.0,3.0,,,,,,,,,,,,
classification,0.9116967318639388,0.8644437973088405,0.7635714989596124,0.8999529134044659,0.8644437973088405,0.8800507828961797,0.9102691407947545,0.9116967318639388,0.909648799850111,0.5031271250748929,,3.0,0.0,4.0,,,,,,,,,,,,
classification,0.9097423647841665,0.8802213511405548,0.7642134772215827,0.8840014750718258,0.8802213511405548,0.8820844574626295,0.9093301965158026,0.9097423647841665,0.9095191457012486,0.47218305692613555,,3.0,0.0,5.0,,,,,,,,,,,,
classification,0.9109367002218052,0.8826264852053222,0.7677091080914579,0.8850865644665935,0.8826264852053222,0.8838451243210219,0.9106658106202808,0.9109367002218052,0.9107940030722762,0.4845220167372852,,3.0,0.0,6.0,,,,,,,,,,,,
classification,0.9142405112376107,0.879820897006707,0.7736012425601047,0.8939086074560887,0.879820897006707,0.8865093426718047,0.9131273013436948,0.9142405112376107,0.9134599766050987,0.49562763427260426,,3.0,0.0,7.0,,,,,,,,,,,,
classification,0.9134417024708784,0.8843670300809225,0.7736027164892545,0.8892511038430879,0.8843670300809225,0.8867649800643479,0.9129512025588038,0.9134417024708784,0.9131684775917127,0.5152157972747536,,3.0,0.0,8.0,,,,,,,,,,,,
classification,0.9138682508414636,0.8893146503658822,0.7766392265961279,0.8873271194141854,0.8893146503658822,0.8883134396262744,0.9140981714094196,0.9138682508414636,0.9139784616100235,0.5237177641318514,,3.0,0.0,9.0,,,,,,,,,,,,
,,,,,,,,,,,,,,,classification,0.896771429103713,0.8769276322767852,0.7505786823318166,0.8736581707793671,0.8769276322767852,0.8752658525172929,0.8972597890392896,0.896771429103713,0.8969962496055361,0.6996385047264793,
classification,0.8925918744779859,0.8398787715169306,0.7110651258706535,0.8719073207873633,0.8398787715169306,0.8539719112941101,0.8901589621850176,0.8925918744779859,0.8901787218067757,0.4253427658551772,,4.0,0.0,0.0,,,,,,,,,,,,
classification,0.8972527144732132,0.8569545579972063,0.7278114498677228,0.8709922556603849,0.8569545579972063,0.863593048352298,0.8957515040878331,0.8972527144732132,0.8962623081560783,0.4434034856992944,,4.0,0.0,1.0,,,,,,,,,,,,
classification,0.8927708507338027,0.8634678578947353,0.7224158839453383,0.8589620774168073,0.8634678578947353,0.8611724971622775,0.893494050188307,0.8927708507338027,0.8931052326856265,0.4795612682825803,,4.0,0.0,2.0,,,,,,,,,,,,
classification,0.903255876387066,0.8561145066370186,0.7407706397478238,0.8852280168915743,0.8561145066370186,0.869150069706859,0.9013555549032324,0.903255876387066,0.9013583140136723,0.5107588326947228,,4.0,0.0,3.0,,,,,,,,,,,,
classification,0.9041433003221573,0.8709160448027716,0.7482272796404897,0.8773388006819003,0.8709160448027716,0.8740485800033624,0.9034203808206923,0.9041433003221573,0.903731924392981,0.5018058059479568,,4.0,0.0,4.0,,,,,,,,,,,,
classification,0.9077973988784155,0.8760140536089078,0.7579774067594981,0.8819868856254386,0.8760140536089078,0.8789333580741248,0.9071558343860942,0.9077973988784155,0.9074341517401856,0.5500166481134837,,4.0,0.0,5.0,,,,,,,,,,,,
classification,0.9095349600286362,0.8623933809635416,0.7573426817890287,0.8956804730638153,0.8623933809635416,0.8771274611714754,0.9079368466065427,0.9095349600286362,0.9075514612892845,0.592772921581719,,4.0,0.0,6.0,,,,,,,,,,,,
classification,0.9085282185896671,0.8817910279051893,0.7621173163735372,0.8803276933347938,0.8817910279051893,0.8810552520118613,0.9087090812360714,0.9085282185896671,0.9086160352286367,0.5478055231102514,,4.0,0.0,7.0,,,,,,,,,,,,
classification,0.911951139482162,0.8771958306009038,0.7672445979104522,0.8901582581685628,0.8771958306009038,0.8833734430250432,0.9108459121592071,0.911951139482162,0.9112076259947421,0.562708684071979,,4.0,0.0,8.0,,,,,,,,,,,,
classification,0.9131965159288867,0.8780735650086308,0.7702841741346385,0.8923427633116434,0.8780735650086308,0.884843756916142,0.9120469141097555,0.9131965159288867,0.9123928653307618,0.5834364276936369,,4.0,0.0,9.0,,,,,,,,,,,,
,,,,,,,,,,,,,,,classification,0.910081836975278,0.878922499437748,0.7711070741291767,0.892300615992945,0.878922499437748,0.8852544039905255,0.9089990447713043,0.910081836975278,0.909302161106551,0.6778853331070804,
classification,0.8907592027547475,0.8445810714890768,0.7120227088903914,0.8678207974285685,0.8445810714890768,0.855125014990853,0.8885761722690984,0.8907592027547475,0.8889788459643042,0.4116400853451465,,0.0,1.0,0.0,,,,,,,,,,,,
classification,0.8979990430546949,0.8503857819008315,0.7301411272337187,0.8803707892954749,0.8503857819008315,0.8636838241895869,0.8959749150092514,0.8979990430546949,0.8959089610927086,0.505947404814543,,0.0,1.0,1.0,,,,,,,,,,,,
classification,0.9015130717159912,0.8535249324430079,0.7391952182516852,0.8864010148522155,0.8535249324430079,0.8679763960855462,0.8996644993680779,0.9015130717159912,0.899328268600451,0.5307060633731001,,0.0,1.0,2.0,,,,,,,,,,,,
classification,0.9020621386943187,0.8594845677386095,0.7421623745042559,0.8830519023352763,0.8594845677386095,0.8702206736567837,0.9002939849252493,0.9020621386943187,0.900509117865555,0.593986356476334,,0.0,1.0,3.0,,,,,,,,,,,,
classification,0.902807301022049,0.8589459996377617,0.7436823285879028,0.885199588804487,0.8589459996377617,0.8707879554040125,0.9010191144509478,0.902807301022049,0.9010944294984571,0.5679774493953589,,0.0,1.0,4.0,,,,,,,,,,,,
classification,0.9052231957266902,0.8749247295429317,0.754834390599718,0.8799262307441393,0.8749247295429317,0.8773761380541926,0.9046591103407611,0.9052231957266902,0.9049092207702155,0.5854775403600139,,0.0,1.0,5.0,,,,,,,,,,,,
classification,0.9092313846684812,0.874684998617131,0.763087855327792,0.8885284152674278,0.874684998617131,0.8812461291766706,0.9080485249685984,0.9092313846684812,0.9084084086146575,0.5654437449786297,,0.0,1.0,6.0,,,,,,,,,,,,
classification,0.9060311085662293,0.8666097306811853,0.7533218438091653,0.8869876825866019,0.8666097306811853,0.8760220231068372,0.9044849607604282,0.9060311085662293,0.9047613333193625,0.6215656687395279,,0.0,1.0,7.0,,,,,,,,,,,,
classification,0.9062664229855125,0.8670071989502235,0.753974050547477,0.8872382275640802,0.8670071989502235,0.876357662243372,0.9047322152092128,0.9062664229855125,0.9050100289406534,0.658594586269763,,0.0,1.0,8.0,,,,,,,,,,,,
classification,0.9102040176015186,0.8653133778051985,0.7626740692714545,0.8980635334474754,0.8653133778051985,0.8797922376042433,0.9087595740254842,0.9102040176015186,0.9082804280550243,0.655797823215258,,0.0,1.0,9.0,,,,,,,,,,,,
,,,,,,,,,,,,,,,classification,0.9071860573309952,0.8658452316683786,0.7702926794287552,0.90546572745779,0.8658452316683786,0.8824582956917839,0.9068842128482952,0.9071860573309952,0.9048081096681913,0.6721493938248936,
classification,0.8864150504008783,0.8358916620433694,0.7050694280109142,0.8700024103690392,0.8358916620433694,0.8505531208195459,0.884085624630247,0.8864150504008783,0.8836757369798285,0.5134728520485173,,1.0,1.0,0.0,,,,,,,,,,,,
classification,0.8934595295918027,0.8422747662633787,0.7231153592928878,0.8819269446545444,0.8422747662633787,0.8590277864751439,0.8916621041819924,0.8934595295918027,0.8905495599857333,0.5024641313744528,,1.0,1.0,1.0,,,,,,,,,,,,
classification,0.8972021690675006,0.8575699098209579,0.735807081807543,0.8785358098988443,0.8575699098209579,0.8671530620189474,0.8954690065833243,0.8972021690675006,0.895739229888304,0.5118602285303167,,1.0,1.0,2.0,,,,,,,,,,,,
classification,0.9006038125020792,0.8624385616095174,0.7448005077317057,0.8826357451135795,0.8624385616095174,0.8717128140181609,0.8990037223722686,0.9006038125020792,0.8992574663521512,0.560270535129376,,1.0,1.0,3.0,,,,,,,,,,,,
classification,0.9018513589939785,0.8633448063496467,0.7478145755997395,0.8847768219791718,0.8633448063496467,0.8731418122758959,0.9002582515869167,0.9018513589939785,0.9004464739214438,0.5921547505058522,,1.0,1.0,4.0,,,,,,,,,,,,
classification,0.9034066336205463,0.867434321802897,0.7525176827491187,0.8852952958174348,0.867434321802897,0.8757230206099822,0.9019674356659739,0.9034066336205463,0.9022611990087748,0.6159389454986367,,1.0,1.0,5.0,,,,,,,,,,,,
classification,0.9050034931301774,0.8653825518429918,0.7554376042730498,0.8904715558195524,0.8653825518429918,0.8767008933111529,0.9034712497894596,0.9050034931301774,0.9034283423642885,0.6635847977577595,,1.0,1.0,6.0,,,,,,,,,,,,
classification,0.9022173059649357,0.8738641812029075,0.7525964186821564,0.8787480841243016,0.8738641812029075,0.8762555427432378,0.9016506362021276,0.9022173059649357,0.9019000494753999,0.6249045803597701,,1.0,1.0,7.0,,,,,,,,,,,,
classification,0.9062843075285272,0.8651950600573297,0.7583351125838244,0.8936746453301181,0.8651950600573297,0.8778817170354613,0.9048155149395747,0.9062843075285272,0.9045278199365544,0.679572293647677,,1.0,1.0,8.0,,,,,,,,,,,,
classification,0.9054359759140357,0.8786730981086942,0.7610775362397049,0.8824136300292678,0.8786730981086942,0.8805139974751859,0.9050106207937629,0.9054359759140357,0.9052036031546992,0.6749415277294427,,1.0,1.0,9.0,,,,,,,,,,,,
,,,,,,,,,,,,,,,classification,0.9049827629100473,0.8856093227867158,0.7671194979231992,0.8815210689417323,0.8856093227867158,0.8835265221492686,0.9055430597745495,0.9049827629100473,0.9052359417539516,0.678162080005404,
classification,0.8723780015491867,0.806602037337584,0.6701862546061514,0.8662317606915356,0.806602037337584,0.8290114300090858,0.8709670925703451,0.8723780015491867,0.8667550749144652,0.5782413238078725,,2.0,1.0,0.0,,,,,,,,,,,,
classification,0.8834004647560031,0.8316974922716993,0.7014536341443323,0.8708478450383146,0.8316974922716993,0.8480177670181193,0.881294085101629,0.8834004647560031,0.8801598956433764,0.6195530773441782,,2.0,1.0,1.0,,,,,,,,,,,,
classification,0.8896359411309063,0.8486907052393526,0.7202279805010675,0.8719115078939184,0.8486907052393526,0.8591210973925678,0.8876857015202307,0.8896359411309063,0.8878594128805116,0.5923830767628753,,2.0,1.0,2.0,,,,,,,,,,,,
classification,0.8914717273431448,0.8543460610041668,0.7261188945805,0.8719870961544338,0.8543460610041668,0.8624765294918905,0.889778313808284,0.8914717273431448,0.8901544975009844,0.6467798036675916,,2.0,1.0,3.0,,,,,,,,,,,,
classification,0.8880402788536018,0.8448328689177265,0.7155186627207194,0.871170357330261,0.8448328689177265,0.8564903236197079,0.8859754285067828,0.8880402788536018,0.8859835795317069,0.7257834717880652,,2.0,1.0,4.0,,,,,,,,,,,,
classification,0.8976994577846631,0.8561208297779994,0.7401580458910163,0.884584308954014,0.8561208297779994,0.8686767675674744,0.8960376982331534,0.8976994577846631,0.8957364296035233,0.695449823444576,,2.0,1.0,5.0,,,,,,,,,,,,
classification,0.8976142525174283,0.8585494714183717,0.7406213130945621,0.8824576335589376,0.8585494714183717,0.8693005409565067,0.8959448554552288,0.8976142525174283,0.8959640957825337,0.7106942101281473,,2.0,1.0,6.0,,,,,,,,,,,,
classification,0.8985127807900852,0.860266832580248,0.7430938225078482,0.8831801730779139,0.860266832580248,0.8706188301293263,0.8968860739973308,0.8985127807900852,0.8969501909342393,0.7149492639959366,,2.0,1.0,7.0,,,,,,,,,,,,
classification,0.9006584043377227,0.8610525778427156,0.7480745908355558,0.8874889889981401,0.8610525778427156,0.8728333171028535,0.899097982897779,0.9006584043377227,0.8989061182135244,0.7502818148251963,,2.0,1.0,8.0,,,,,,,,,,,,
classification,0.901719597211464,0.8619080525914791,0.7506862680761514,0.8892769648553595,0.8619080525914791,0.8740642933978895,0.9002081679993205,0.901719597211464,0.8999313141522107,0.8011392321499357,,2.0,1.0,9.0,,,,,,,,,,,,
,,,,,,,,,,,,,,,classification,0.9194399277326106,0.8874445725456532,0.787306409957948,0.899961328073472,0.8874445725456532,0.8934286986468464,0.9185041651820646,0.9194399277326106,0.918799753763888,0.5766047320890401,
classification,0.8878953327852833,0.8261148931068627,0.6965249906956196,0.8719142186681412,0.8261148931068627,0.8451341709499296,0.8853706269664345,0.8878953327852833,0.8842279265211664,0.41531270694514216,,3.0,1.0,0.0,,,,,,,,,,,,
classification,0.8961393494749578,0.8654237956962458,0.7301980852896963,0.8647745782023085,0.8654237956962458,0.8650983263103408,0.8962327937417027,0.8961393494749578,0.8961855205628959,0.41331001468930795,,3.0,1.0,1.0,,,,,,,,,,,,
classification,0.9026228847078531,0.8635164517512928,0.7423598569323515,0.8790049628631846,0.8635164517512928,0.8708093230513589,0.9011620560773687,0.9026228847078531,0.9016076111651632,0.4317804477037596,,3.0,1.0,2.0,,,,,,,,,,,,
classification,0.9097423647841665,0.8750678193635878,0.762098331650827,0.8871258990510438,0.8750678193635878,0.8808294639778877,0.908652548611163,0.9097423647841665,0.9090285559218374,0.4123871852662266,,3.0,1.0,3.0,,,,,,,,,,,,
classification,0.9107893471483303,0.8718324022105135,0.76328385681888,0.8917102454067891,0.8718324022105135,0.881064760488238,0.9093553807986794,0.9107893471483303,0.909628695209585,0.4732214875319137,,3.0,1.0,4.0,,,,,,,,,,,,
classification,0.9095019466116548,0.8818123138003806,0.7644485307969686,0.8826366614665881,0.8818123138003806,0.8822231923065988,0.9094060084251508,0.9095019466116548,0.9094531521272803,0.45100323678721194,,3.0,1.0,5.0,,,,,,,,,,,,
classification,0.9101534023049123,0.8875318309703153,0.768524684833029,0.8810204375462958,0.8875318309703153,0.8841936396845045,0.9110203106886927,0.9101534023049123,0.9105339816353726,0.4788676430667081,,3.0,1.0,6.0,,,,,,,,,,,,
classification,0.9154968900746072,0.8752835491521098,0.7751343968855441,0.9002529118266696,0.8752835491521098,0.8866926580485853,0.9141229616003218,0.9154968900746072,0.9141375812722963,0.4965036457749519,,3.0,1.0,7.0,,,,,,,,,,,,
classification,0.9141629569884134,0.8837886519875852,0.7748831016662899,0.8911292179552204,0.8837886519875852,0.8873604211037512,0.9134746719844147,0.9141629569884134,0.9137564318328605,0.5147032917664446,,3.0,1.0,8.0,,,,,,,,,,,,
classification,0.9158846613205938,0.8850872690550851,0.7790492846323201,0.8940131475752011,0.8850872690550851,0.8894063746573477,0.9151029521742764,0.9158846613205938,0.9154028716628019,0.5231013530148442,,3.0,1.0,9.0,,,,,,,,,,,,
,,,,,,,,,,,,,,,classification,0.8959703411144438,0.8688690402642485,0.7452086949585717,0.8763774798259218,0.8688690402642485,0.8724873618969868,0.8951150410420585,0.8959703411144438,0.8954463449643343,0.7130823181142196,
classification,0.889004892017659,0.8236867867442669,0.6981168258071666,0.8764187498794359,0.8236867867442669,0.8450510726282225,0.8868259640493903,0.889004892017659,0.8848396798974166,0.41354516156550947,,4.0,1.0,0.0,,,,,,,,,,,,
classification,0.9004146283259754,0.85854453428894,0.7351973418236882,0.8768814468867574,0.85854453428894,0.8670819492675457,0.8987252883616372,0.9004146283259754,0.899173686914758,0.46627055964650094,,4.0,1.0,1.0,,,,,,,,,,,,
classification,0.907029292447202,0.8613304937778647,0.7510767839764956,0.8903049598238983,0.8613304937778647,0.8743365412860246,0.905292921798363,0.907029292447202,0.9052392380135483,0.4596499902001337,,4.0,1.0,2.0,,,,,,,,,,,,
classification,0.9071858966710417,0.8626072295920194,0.7517952384715092,0.8896751322528462,0.8626072295920194,0.8748424286536425,0.9054681396347609,0.9071858966710417,0.9055176706185071,0.4896427728316692,,4.0,1.0,3.0,,,,,,,,,,,,
classification,0.9057018852165613,0.8802775714663964,0.7558810644602849,0.8756178555353624,0.8802775714663964,0.8779050582392811,0.9063376440015606,0.9057018852165613,0.9059925261250494,0.5050938585080014,,4.0,1.0,4.0,,,,,,,,,,,,
classification,0.9086997375014915,0.8674697474631954,0.7567270900220288,0.8895802938380396,0.8674697474631954,0.8776521116134368,0.9071262167866484,0.9086997375014915,0.9073673061910821,0.5446687739772429,,4.0,1.0,5.0,,,,,,,,,,,,
classification,0.9133904068726882,0.8646105526071,0.7673534410520544,0.9037398940349284,0.8646105526071,0.8816231498171823,0.9121395299528988,0.9133904068726882,0.9111889331234411,0.555361853310748,,4.0,1.0,6.0,,,,,,,,,,,,
classification,0.9118840233862308,0.8797924909130512,0.7680842629943447,0.8883393229031932,0.8797924909130512,0.8839321195633041,0.9110724766610986,0.9118840233862308,0.91139384776377,0.539318354921666,,4.0,1.0,7.0,,,,,,,,,,,,
classification,0.9120704569860398,0.8747374453138337,0.7666596074285492,0.8921191763811169,0.8747374453138337,0.8828897553676796,0.9107532839433006,0.9120704569860398,0.9110743277421545,0.5526723141714347,,4.0,1.0,8.0,,,,,,,,,,,,
classification,0.9159333611740842,0.8822529046229488,0.7777534951168283,0.895615371296597,0.8822529046229488,0.888617654999632,0.9148870869381467,0.9159333611740842,0.9152114634172791,0.5528325927108406,,4.0,1.0,9.0,,,,,,,,,,,,
,,,,,,,,,,,,,,,classification,0.9116536536194495,0.8804117427866205,0.7749647369119076,0.8946844142202337,0.8804117427866205,0.887145661295216,0.9105637588920593,0.9116536536194495,0.9108404943199397,0.6484324491380768,
classification,0.8858019123218474,0.848137464663991,0.7035858817860654,0.8554867999674081,0.848137464663991,0.8516959776102773,0.8847600085133726,0.8858019123218474,0.8852055688986628,0.39410574077031324,,0.0,2.0,0.0,,,,,,,,,,,,
classification,0.8956929617457192,0.8592595469465443,0.7285329515515473,0.8693431851759412,0.8592595469465443,0.864095023435761,0.8945162171076491,0.8956929617457192,0.8949712871017751,0.4565957835117574,,0.0,2.0,1.0,,,,,,,,,,,,
classification,0.9034504937680898,0.8612548375780344,0.7458421047174684,0.8849640110696242,0.8612548375780344,0.8720564570673977,0.9017295357803381,0.9034504937680898,0.9019178769840095,0.47461753959402103,,0.0,2.0,2.0,,,,,,,,,,,,
classification,0.9027210190683118,0.862811144294575,0.7447375696135258,0.8821782050495259,0.862811144294575,0.8717800989233775,0.9011087304049673,0.9027210190683118,0.9014572370935925,0.530430917702121,,0.0,2.0,3.0,,,,,,,,,,,,
classification,0.9050271003772874,0.860017833573761,0.7491156600279213,0.88968505152127,0.860017833573761,0.8732440988471433,0.9033160996469946,0.9050271003772874,0.9031501612684567,0.5563135763116284,,0.0,2.0,4.0,,,,,,,,,,,,
classification,0.9064076116370824,0.8664666217012689,0.754117276716853,0.8879567969947492,0.8664666217012689,0.8763523878485615,0.9048413963267263,0.9064076116370824,0.9050754367349296,0.549718752344651,,0.0,2.0,5.0,,,,,,,,,,,,
classification,0.9056859807512805,0.8694913694238038,0.7535685035929887,0.8842210783521975,0.8694913694238038,0.8764424861513982,0.9043748089461691,0.9056859807512805,0.9047646807746885,0.6128707473086945,,0.0,2.0,6.0,,,,,,,,,,,,
classification,0.9062272039156319,0.8651564042324252,0.7533094117734935,0.8885150741497909,0.8651564042324252,0.8758255024274091,0.9046123571954722,0.9062272039156319,0.9047751204911366,0.6015265345065098,,0.0,2.0,7.0,,,,,,,,,,,,
classification,0.9083528775031572,0.8728242555873764,0.7605259574009023,0.8878501218820267,0.8728242555873764,0.8799122772009909,0.9070884496294326,0.9083528775031572,0.9074479930682253,0.6204754513291045,,0.0,2.0,8.0,,,,,,,,,,,,
classification,0.9091058836448634,0.8607286552434041,0.7591436099008882,0.8993992520946875,0.8607286552434041,0.8774529851515074,0.9077866630961334,0.9091058836448634,0.9067980989693181,0.6855480095133575,,0.0,2.0,9.0,,,,,,,,,,,,
,,,,,,,,,,,,,,,classification,0.904645170525713,0.8613259667380454,0.7637798190950129,0.9036241965414401,0.8613259667380454,0.8788311238202058,0.904456436541005,0.904645170525713,0.9020162307817562,0.7350528299407022,
classification,0.885658205529126,0.835398967374815,0.7032083210530079,0.8685923265273313,0.835398967374815,0.8497134786500042,0.883281014232186,0.885658205529126,0.8829673329785004,0.5151209562348807,,1.0,2.0,0.0,,,,,,,,,,,,
classification,0.8927110016966632,0.8474750980255279,0.7226942434537622,0.875772949262421,0.8474750980255279,0.8599925155278749,0.8906712491657772,0.8927110016966632,0.8906147309222402,0.5267249952467521,,1.0,2.0,1.0,,,,,,,,,,,,
classification,0.8985661532319771,0.8603069877694558,0.7396834742488406,0.8796288031103355,0.8603069877694558,0.8692040463929189,0.89693248234,0.8985661532319771,0.8972425699858968,0.55795716095083,,1.0,2.0,2.0,,,,,,,,,,,,
classification,0.9012442197012542,0.8575990901466326,0.7448629952788798,0.8878791200980977,0.8575990901466326,0.8709544769941193,0.8995862793537287,0.9012442197012542,0.8992412654866713,0.5822255652663844,,1.0,2.0,3.0,,,,,,,,,,,,
classification,0.9012442197012542,0.8562837245349925,0.7445634903954845,0.8889981165666878,0.8562837245349925,0.8705746801696532,0.8996299073506075,0.9012442197012542,0.8990801124354842,0.6128274413458616,,1.0,2.0,4.0,,,,,,,,,,,,
classification,0.8997471639109751,0.8700532381150019,0.7460206277334366,0.8759910194535523,0.8700532381150019,0.8729467890217939,0.8990502989211814,0.8997471639109751,0.8993482303671174,0.6347847456227143,,1.0,2.0,5.0,,,,,,,,,,,,
classification,0.9028078113044347,0.8606628580430726,0.7492182354791531,0.8890946571406158,0.8606628580430726,0.8733065510860778,0.9011971163637135,0.9028078113044347,0.9009671604600629,0.6835937381825486,,1.0,2.0,6.0,,,,,,,,,,,,
classification,0.905552413586613,0.8653535691283167,0.7566822882912219,0.8917904009941029,0.8653535691283167,0.8772200585598411,0.9040401144084717,0.905552413586613,0.9039051950510006,0.640015077870603,,1.0,2.0,7.0,,,,,,,,,,,,
classification,0.9047789347616354,0.8715019546211917,0.7568541761198226,0.8854813122679996,0.8715019546211917,0.8780954730414331,0.9035481326248267,0.9047789347616354,0.9038999691141583,0.659645653218996,,1.0,2.0,8.0,,,,,,,,,,,,
classification,0.9067750091486743,0.8632049923925262,0.7590908362130446,0.8966209920649184,0.8632049923925262,0.8778140314905885,0.9054345116959668,0.9067750091486743,0.9047282427518398,0.733366937591234,,1.0,2.0,9.0,,,,,,,,,,,,
,,,,,,,,,,,,,,,classification,0.9106336851832108,0.8780414011864328,0.7755988677109746,0.8978093415870918,0.8780414011864328,0.8871265237537815,0.9094495625350175,0.9106336851832108,0.9094959023220767,0.6459288212344815,
classification,0.8687916343919442,0.835702993830848,0.6739745410697531,0.8382764604112116,0.835702993830848,0.8369722346274951,0.8683149343321938,0.8687916343919442,0.8685411406513597,0.5663948715825327,,2.0,2.0,0.0,,,,,,,,,,,,
classification,0.8883888458559256,0.8396707954096456,0.7148900348506543,0.8761493251961933,0.8396707954096456,0.8551219716061176,0.8864648675859998,0.8883888458559256,0.885551135182078,0.5896001341230358,,2.0,2.0,1.0,,,,,,,,,,,,
classification,0.8864058869093726,0.8346191367743592,0.7091595162119475,0.8757310656840023,0.8346191367743592,0.8516601742819596,0.8845652389883605,0.8864058869093726,0.8831276747178488,0.6382456607186947,,2.0,2.0,2.0,,,,,,,,,,,,
classification,0.8912935708752905,0.8434974098104413,0.7225053826170951,0.8799257381582206,0.8434974098104413,0.858967192841462,0.889522339413302,0.8912935708752905,0.888562397789401,0.6946410273614758,,2.0,2.0,3.0,,,,,,,,,,,,
classification,0.8928892331525949,0.851591368570813,0.7281961590508138,0.8770496757442142,0.851591368570813,0.8629350694193237,0.8910285458822508,0.8928892331525949,0.8910200758650237,0.6842588716813632,,2.0,2.0,4.0,,,,,,,,,,,,
classification,0.8924709527498064,0.8571168183953431,0.7292441755445976,0.8722850900408998,0.8571168183953431,0.8641881700090062,0.8909362971740141,0.8924709527498064,0.8913533522096871,0.6759118468698345,,2.0,2.0,5.0,,,,,,,,,,,,
classification,0.8978853601859024,0.8566787354798465,0.7407180490358133,0.8845640162913656,0.8566787354798465,0.8690108693625821,0.8962255504129042,0.8978853601859024,0.895966999858159,0.748367430642219,,2.0,2.0,6.0,,,,,,,,,,,,
classification,0.8992021688613477,0.8606452762930648,0.7447179684422177,0.8844531517376821,0.8606452762930648,0.87136427434845,0.8975904751692358,0.8992021688613477,0.8975932751128376,0.7245051668901614,,2.0,2.0,7.0,,,,,,,,,,,,
classification,0.9016808675445391,0.8611582949972045,0.7504251804272579,0.8898138013302737,0.8611582949972045,0.8738183692265065,0.9001855702787542,0.9016808675445391,0.8998074457916461,0.7466279356920691,,2.0,2.0,8.0,,,,,,,,,,,,
classification,0.8972192099147948,0.8668142991175505,0.7427656925903094,0.8760082931720461,0.8668142991175505,0.8712225015490307,0.8962062087416002,0.8972192099147948,0.8965832418228884,0.7905871700777578,,2.0,2.0,9.0,,,,,,,,,,,,
,,,,,,,,,,,,,,,classification,0.9121770551038844,0.8898911477297287,0.7732916216371557,0.8834274871179812,0.8898911477297287,0.8865791825186751,0.9130134303744056,0.9121770551038844,0.9125440601605348,0.6008723941773699,
classification,0.8845527446448791,0.8314710535495873,0.6905318401931009,0.8596348890908034,0.8314710535495873,0.8439831541363672,0.8818245332029608,0.8845527446448791,0.8822031735191884,0.39657396505736153,,3.0,2.0,0.0,,,,,,,,,,,,
classification,0.8938747653983962,0.8507777672670275,0.7185394907574331,0.8679673057677866,0.8507777672670275,0.8587956275909778,0.8920664720243711,0.8938747653983962,0.892606266047795,0.4236138187686033,,3.0,2.0,1.0,,,,,,,,,,,,
classification,0.9025298196088164,0.8638604447766607,0.7422966867206314,0.8785822140234536,0.8638604447766607,0.8708124044306642,0.9011141187621939,0.9025298196088164,0.901563751524035,0.4353823028454225,,3.0,2.0,2.0,,,,,,,,,,,,
classification,0.904879713359495,0.8733040094586657,0.7512312627819042,0.8779415676510316,0.8733040094586657,0.8755813931314598,0.9043451958950434,0.904879713359495,0.9045861261260646,0.4465508852822647,,3.0,2.0,3.0,,,,,,,,,,,,
classification,0.9087962029439594,0.8707669744940667,0.7584773936794745,0.8879039911172122,0.8707669744940667,0.8788012214382916,0.9074094346783749,0.9087962029439594,0.9077665370368806,0.49145179601328187,,3.0,2.0,4.0,,,,,,,,,,,,
classification,0.9090753982410696,0.8689019056946188,0.7584853995519806,0.8898733595928938,0.8689019056946188,0.8785975452453267,0.9075556317285691,0.9090753982410696,0.9078196008743442,0.4852254574706349,,3.0,2.0,5.0,,,,,,,,,,,,
classification,0.9098664515828823,0.8792105296544368,0.7640294490495275,0.8848396559207299,0.8792105296544368,0.8819656948065511,0.9092778271562485,0.9098664515828823,0.9095344374728943,0.509040419947666,,3.0,2.0,6.0,,,,,,,,,,,,
classification,0.9100680926307952,0.886970476282763,0.7680734249905343,0.8811251906370354,0.886970476282763,0.8839814715667702,0.9108374730550245,0.9100680926307952,0.9104102710039814,0.5184841896835363,,3.0,2.0,7.0,,,,,,,,,,,,
classification,0.9117665306882164,0.8809977468986983,0.7687247579390577,0.8877567244679696,0.8809977468986983,0.8842926434728973,0.9110980634382287,0.9117665306882164,0.9113786753626608,0.5237085781633075,,3.0,2.0,8.0,,,,,,,,,,,,
classification,0.9122551224581594,0.8858322835777551,0.7718141625951261,0.88598189351771,0.8858322835777551,0.8859070463335728,0.9122381676124313,0.9122551224581594,0.9122466181407738,0.5090249450224154,,3.0,2.0,9.0,,,,,,,,,,,,
,,,,,,,,,,,,,,,classification,0.896361570132459,0.8750641648707096,0.7488698555372003,0.8738067463240761,0.8750641648707096,0.8744314872744405,0.8965412576694008,0.896361570132459,0.896448578752928,0.6776210044562515,
classification,0.885746032692996,0.8117821580721026,0.6877368088010947,0.8792567229508783,0.8117821580721026,0.8375221132130318,0.8844071913327118,0.885746032692996,0.8801991762781013,0.4785349479260858,,4.0,2.0,0.0,,,,,,,,,,,,
classification,0.8947768762677485,0.8577574100129121,0.7231339765662083,0.8654171328314236,0.8577574100129121,0.8614703817767007,0.8938106907301443,0.8947768762677485,0.894219674297616,0.46179985892126296,,4.0,2.0,1.0,,,,,,,,,,,,
classification,0.9010335878773416,0.8613136658963019,0.7376233913383757,0.8764653255640222,0.8613136658963019,0.8684558234780937,0.8995476532165453,0.9010335878773416,0.9000176837861897,0.47173180015141003,,4.0,2.0,2.0,,,,,,,,,,,,
classification,0.90686523087937,0.8669346437829317,0.7524252524439424,0.8857252034576525,0.8669346437829317,0.8756879449195711,0.9053459943627729,0.90686523087937,0.9057031916156163,0.47293654170880517,,4.0,2.0,3.0,,,,,,,,,,,,
classification,0.9110040567951319,0.8715821065212392,0.7632469343650139,0.891936178164902,0.8715821065212392,0.881023440490105,0.9095533110276209,0.9110040567951319,0.9098184430950995,0.5030918392321513,,4.0,2.0,4.0,,,,,,,,,,,,
classification,0.9134649803126118,0.8826017269814006,0.7725431463933145,0.8899766199097,0.8826017269814006,0.886189928323827,0.9127642771241216,0.9134649803126118,0.9130519863498899,0.4859550597575154,,4.0,2.0,5.0,,,,,,,,,,,,
classification,0.9154337191265959,0.8760416852547462,0.7747400637513392,0.8990396476755055,0.8760416852547462,0.8866269565344473,0.9140661519776475,0.9154337191265959,0.9141799170798742,0.5079019037662431,,4.0,2.0,6.0,,,,,,,,,,,,
classification,0.9142107147118482,0.8821492800098247,0.7739594971803088,0.8918712755786143,0.8821492800098247,0.8868396047971567,0.913348336886636,0.9142107147118482,0.9136720081057942,0.5396273662644926,,4.0,2.0,7.0,,,,,,,,,,,,
classification,0.9156723541343516,0.8793786468652905,0.7762444891274686,0.8970673572956254,0.8793786468652905,0.8876747419691584,0.9144385411616257,0.9156723541343516,0.9147121683553696,0.5504073658131181,,4.0,2.0,8.0,,,,,,,,,,,,
classification,0.915292029590741,0.8925847115076779,0.780627275526248,0.8880557020135099,0.8925847115076779,0.8902816963170286,0.9158325113412561,0.915292029590741,0.9155377459681235,0.5725242114778567,,4.0,2.0,9.0,,,,,,,,,,,,
,,,,,,,,,,,,,,,classification,0.9046488185747723,0.8787891418505223,0.7599897637400668,0.8812044599324924,0.8787891418505223,0.8799843728369579,0.9043625369357349,0.9046488185747723,0.9044973033620165,0.7447705582810683,
classification,0.8888688435865055,0.8401418999481949,0.7062275242190422,0.8665803272402788,0.8401418999481949,0.8519697717766376,0.8864938948097982,0.8888688435865055,0.886792325146529,0.45415566637044097,,0.0,3.0,0.0,,,,,,,,,,,,
classification,0.8962341849100707,0.8400274686591638,0.7234239777469527,0.8847793927082774,0.8400274686591638,0.8587614489056237,0.8944343229392331,0.8962341849100707,0.8930391759424015,0.4624254556560242,,0.0,3.0,1.0,,,,,,,,,,,,
classification,0.899316803802681,0.8501414196379555,0.7331465782814636,0.8837762937341108,0.8501414196379555,0.8648630887656303,0.8973689506543161,0.899316803802681,0.897013217057936,0.48377975102277687,,0.0,3.0,2.0,,,,,,,,,,,,
classification,0.9019915443685338,0.8618877657317427,0.7428179628311954,0.8811806989309119,0.8618877657317427,0.8708225409724991,0.900359984814287,0.9019915443685338,0.9007198784947974,0.5179540441440944,,0.0,3.0,3.0,,,,,,,,,,,,
classification,0.9023366721834825,0.8546072983134553,0.7414145117053403,0.887538187159197,0.8546072983134553,0.8690873856425088,0.9005283553128672,0.9023366721834825,0.900173010439859,0.5739120973500899,,0.0,3.0,4.0,,,,,,,,,,,,
classification,0.9031132097671172,0.8671915358770508,0.7472185912745873,0.8801392247596158,0.8671915358770508,0.8733400056595251,0.9018537670379597,0.9031132097671172,0.9022741209066324,0.5747594478122511,,0.0,3.0,5.0,,,,,,,,,,,,
classification,0.9090352893190785,0.8736301376568704,0.7622903582439043,0.8888113750109679,0.8736301376568704,0.8807885696572495,0.9077791691086445,0.9090352893190785,0.9081299632465757,0.6033218252298033,,0.0,3.0,6.0,,,,,,,,,,,,
classification,0.9077175285710924,0.8632622069808216,0.7562607301859622,0.8936070702034244,0.8632622069808216,0.8767767315342898,0.906127212652906,0.9077175285710924,0.9058698180223572,0.6219340597505766,,0.0,3.0,7.0,,,,,,,,,,,,
classification,0.9097020135070477,0.8751854131488452,0.7642827733216644,0.8892263245882888,0.8751854131488452,0.881835953882981,0.9085188152579189,0.9097020135070477,0.9088729317311511,0.6160167389269784,,0.0,3.0,8.0,,,,,,,,,,,,
classification,0.9103373624391123,0.8761873221511285,0.766011488190956,0.8899477504220585,0.8761873221511285,0.8827129588372553,0.9091826715724693,0.9103373624391123,0.9095323650300396,0.6689783055553843,,0.0,3.0,9.0,,,,,,,,,,,,
,,,,,,,,,,,,,,,classification,0.9096553698600723,0.8801132031359153,0.7781023817907846,0.8981993466378004,0.8801132031359153,0.8884357877156351,0.9085759650604133,0.9096553698600723,0.9086062746939438,0.6609523179168159,
classification,0.8861239562194351,0.8320574293858558,0.7033856253260093,0.8724892850841417,0.8320574293858558,0.8489759143504788,0.8839243817442298,0.8861239562194351,0.8828646565974473,0.48879190669394246,,1.0,3.0,0.0,,,,,,,,,,,,
classification,0.8954389700256163,0.8515865730011125,0.7300262408381378,0.878952406915847,0.8515865730011125,0.8637580073868877,0.893521429546962,0.8954389700256163,0.8934828153818314,0.4905983880700116,,1.0,3.0,1.0,,,,,,,,,,,,
classification,0.8988738813666456,0.861711202835179,0.7408364794690461,0.8793348706165038,0.861711202835179,0.8698846120851358,0.8973181918496731,0.8988738813666456,0.8976719757295974,0.514780587547972,,1.0,3.0,2.0,,,,,,,,,,,,
classification,0.9025416680528294,0.8604133783309166,0.7485441821878983,0.8886637028307592,0.8604133783309166,0.8729835420587284,0.9009187724379377,0.9025416680528294,0.9007060698005148,0.5353909855426214,,1.0,3.0,3.0,,,,,,,,,,,,
classification,0.8990485378755115,0.8574216660847509,0.7398164723659647,0.8828310261515029,0.8574216660847509,0.8688359685472833,0.8972910116918239,0.8990485378755115,0.8973176476006852,0.6041696844204452,,1.0,3.0,4.0,,,,,,,,,,,,
classification,0.903880701287468,0.8547111525515294,0.750717560795665,0.897208300354414,0.8547111525515294,0.8726212766885898,0.9028162262382651,0.903880701287468,0.9011710928190563,0.6340124484485762,,1.0,3.0,5.0,,,,,,,,,,,,
classification,0.9059516284640208,0.8650890320146394,0.7575385135605482,0.8929620922606312,0.8650890320146394,0.8775326564369197,0.9044632441073823,0.9059516284640208,0.9042245086170697,0.6110910882577099,,1.0,3.0,6.0,,,,,,,,,,,,
classification,0.9073322465817226,0.866285620195046,0.7610218907771189,0.8952887352864025,0.866285620195046,0.879186612849891,0.9059128355404307,0.9073322465817226,0.9055698101999209,0.6281452158940618,,1.0,3.0,7.0,,,,,,,,,,,,
classification,0.9089623739978043,0.8740131718947767,0.7667035238584691,0.8929235236014448,0.8740131718947767,0.8827691217791047,0.9076450168450493,0.9089623739978043,0.9078406092812559,0.6375216983995882,,1.0,3.0,8.0,,,,,,,,,,,,
classification,0.9101350677001896,0.8748678808690844,0.7695507158599568,0.8949446821821669,0.8748678808690844,0.884125353031441,0.9088260356540371,0.9101350677001896,0.90896391140904,0.6565881446696559,,1.0,3.0,9.0,,,,,,,,,,,,
,,,,,,,,,,,,,,,classification,0.9086434232505243,0.8816943824911174,0.7724904971847415,0.8908503737637639,0.8816943824911174,0.8860920868595702,0.9078092873112462,0.9086434232505243,0.908102133535641,0.6488089116536894,
classification,0.8743687064291247,0.8171391445633831,0.6769134890843908,0.8612072804314651,0.8171391445633831,0.8349439698411243,0.8719071317547161,0.8743687064291247,0.8703015757460073,0.6037692720312244,,2.0,3.0,0.0,,,,,,,,,,,,
classification,0.8849961270333075,0.8355385185836479,0.7060682950511362,0.8714420324831775,0.8355385185836479,0.8507410269070679,0.8828709529429387,0.8849961270333075,0.8820822252795579,0.5629425278239624,,2.0,3.0,1.0,,,,,,,,,,,,
classification,0.8892718822618125,0.8426465414309221,0.7176347353281004,0.8757513582354786,0.8426465414309221,0.8568838009095345,0.8873006664377933,0.8892718822618125,0.886725239831622,0.578554060270594,,2.0,3.0,2.0,,,,,,,,,,,,
classification,0.8921843532145624,0.8458061408802433,0.7250832878120496,0.8800870719979517,0.8458061408802433,0.8605072061907639,0.8903876732216656,0.8921843532145624,0.8896433229880959,0.6432855086810001,,2.0,3.0,3.0,,,,,,,,,,,,
classification,0.895151045701007,0.8563326025983764,0.7345827459729847,0.8785871730136132,0.8563326025983764,0.8663992446053833,0.8934190130599605,0.895151045701007,0.8935648718686485,0.6674156970680588,,2.0,3.0,4.0,,,,,,,,,,,,
classification,0.8937180480247869,0.8455192513555215,0.7286365666124736,0.8841401341039412,0.8455192513555215,0.8618022157510252,0.8921698816019408,0.8937180480247869,0.8909118252841256,0.7150219351872669,,2.0,3.0,5.0,,,,,,,,,,,,
classification,0.8976607281177382,0.8586154040514942,0.7407425782386016,0.8825125475764437,0.8586154040514942,0.8693622737660257,0.8959931084563495,0.8976607281177382,0.8960123476259265,0.6969543949558541,,2.0,3.0,6.0,,,,,,,,,,,,
classification,0.896568551510457,0.857049177163439,0.7378869519094537,0.8812340068417175,0.857049177163439,0.8679060609568049,0.8948585600483703,0.896568551510457,0.8948760742675613,0.7762728740463956,,2.0,3.0,7.0,,,,,,,,,,,,
classification,0.8971185127807901,0.8596504643704571,0.739879789986919,0.8805237013869225,0.8596504643704571,0.8691574115728741,0.8954826652498815,0.8971185127807901,0.8956689208381411,0.7735829946608499,,2.0,3.0,8.0,,,,,,,,,,,,
classification,0.8987606506584044,0.8591447957751683,0.743324870356827,0.884616364618638,0.8591447957751683,0.8705300084838989,0.8971256417566802,0.8987606506584044,0.8970288990367249,0.8219223341808818,,2.0,3.0,9.0,,,,,,,,,,,,
,,,,,,,,,,,,,,,classification,0.9139476061427281,0.8803592153096509,0.7727946206719423,0.8925312584140368,0.8803592153096509,0.8861791424415569,0.9129274887439538,0.9139476061427281,0.9132701283531718,0.6097794075264427,
classification,0.8851266460889392,0.8178899359855981,0.6877432206154966,0.8719768101781024,0.8178899359855981,0.8395722072791364,0.8827690280441907,0.8851266460889392,0.8806408167629731,0.45944239324294583,,3.0,3.0,0.0,,,,,,,,,,,,
classification,0.8982022925036063,0.8546890611394258,0.729392691083355,0.8749859779272187,0.8546890611394258,0.8640572102163029,0.8963546464282551,0.8982022925036063,0.8967872863081094,0.4288715126086343,,3.0,3.0,1.0,,,,,,,,,,,,
classification,0.9012656853469001,0.8475362495493569,0.7343751485121243,0.8879500767556712,0.8475362495493569,0.8648656510071253,0.8994221908419474,0.9012656853469001,0.8985585684342859,0.49502804403243233,,3.0,3.0,2.0,,,,,,,,,,,,
classification,0.9046392951869833,0.863774193020826,0.7468494226250767,0.8833312469498608,0.863774193020826,0.8728484490336438,0.9030301565672018,0.9046392951869833,0.903391802542383,0.454308489018094,,3.0,3.0,3.0,,,,,,,,,,,,
classification,0.908369654573374,0.8720675271341893,0.7580110584252836,0.8860729053141686,0.8720675271341893,0.8787093141226496,0.907132797298436,0.908369654573374,0.9075235187378603,0.47758673025278486,,3.0,3.0,4.0,,,,,,,,,,,,
classification,0.909152952490267,0.8771980064085529,0.761700414829772,0.884537770676491,0.8771980064085529,0.880767103681894,0.9084054499431703,0.909152952490267,0.9087153031062806,0.4998067769278895,,3.0,3.0,5.0,,,,,,,,,,,,
classification,0.9136045663941927,0.877909196498603,0.7715529345463235,0.8938075179980729,0.877909196498603,0.8854068512727541,0.912393579923645,0.9136045663941927,0.9127149289670474,0.4901699823732717,,3.0,3.0,6.0,,,,,,,,,,,,
classification,0.9128988227264971,0.8728989141416319,0.7684277386466212,0.8958721567215984,0.8728989141416319,0.8834591286948624,0.9114580854789125,0.9128988227264971,0.9115982557505137,0.49447233382662487,,3.0,3.0,7.0,,,,,,,,,,,,
classification,0.912790246777621,0.8736005391218906,0.7683768610119177,0.8950763842085245,0.8736005391218906,0.8835249682109709,0.9113751795945813,0.912790246777621,0.9115726902033365,0.5607306861458983,,3.0,3.0,8.0,,,,,,,,,,,,
classification,0.9102929999534675,0.8768637713152307,0.7639660972531873,0.8871718656554495,0.8768637713152307,0.8818218637080747,0.909330722340111,0.9102929999534675,0.9096879393860694,0.5696189379437724,,3.0,3.0,9.0,,,,,,,,,,,,
,,,,,,,,,,,,,,,classification,0.8935111872869199,0.8651445628821057,0.7388557042828042,0.8737613860674518,0.8651445628821057,0.869272909139748,0.8925247386624167,0.8935111872869199,0.8928903652100314,0.7531116194215755,
classification,0.8903695859682615,0.8378734812302179,0.7053186457866663,0.868092214786288,0.8378734812302179,0.8512448961096377,0.8878518059737891,0.8903695859682615,0.8880262348823725,0.4447194362045282,,4.0,3.0,0.0,,,,,,,,,,,,
classification,0.9010261305333492,0.8514716096614238,0.7342210341454559,0.8834452855957018,0.8514716096614238,0.8656194131834918,0.8990130934479559,0.9010261305333492,0.8988759666775495,0.4427901941652374,,4.0,3.0,1.0,,,,,,,,,,,,
classification,0.9021969335401503,0.8583042984849225,0.7390400058929196,0.8810867833708043,0.8583042984849225,0.8687421579928065,0.9003785232394691,0.9021969335401503,0.9006911993181861,0.44589619548020776,,4.0,3.0,2.0,,,,,,,,,,,,
classification,0.9025474287077915,0.8690710796188599,0.7441414594083285,0.8750947596477971,0.8690710796188599,0.8720129546001212,0.9018472913020049,0.9025474287077915,0.902153032465233,0.48934032806847527,,4.0,3.0,3.0,,,,,,,,,,,,
classification,0.9071709819830569,0.873155573149479,0.7554580701334653,0.8823585501570155,0.873155573149479,0.8775988324540701,0.9062401279337264,0.9071709819830569,0.9066056690141511,0.470684123352524,,4.0,3.0,4.0,,,,,,,,,,,,
classification,0.9094454719007279,0.8767512706844541,0.7617147292305138,0.8850082095759311,0.8767512706844541,0.8807533502314933,0.9086236154505352,0.9094454719007279,0.9089547435780939,0.5040479867374372,,4.0,3.0,5.0,,,,,,,,,,,,
classification,0.9083865290538122,0.866555779957837,0.7557302012035226,0.8895233469492765,0.866555779957837,0.8770986469193787,0.9067811859301506,0.9083865290538122,0.9069959873434966,0.5607727962926035,,4.0,3.0,6.0,,,,,,,,,,,,
classification,0.9132487173368333,0.8770220284701951,0.7700444152093259,0.8931921456957713,0.8770220284701951,0.8846418375221028,0.9120115917167568,0.9132487173368333,0.9123383796516077,0.5528370499092089,,4.0,3.0,7.0,,,,,,,,,,,,
classification,0.9109965994511395,0.8816389460414917,0.7670024675514779,0.8853726089357878,0.8816389460414917,0.8834797622288415,0.910596309943713,0.9109965994511395,0.9107799779903087,0.5430709111825761,,4.0,3.0,8.0,,,,,,,,,,,,
classification,0.914963906455077,0.8746004695342965,0.7732604661473601,0.8990463154315995,0.8746004695342965,0.8857930955950999,0.9135632302975872,0.914963906455077,0.9136213888727444,0.5814981224418082,,4.0,3.0,9.0,,,,,,,,,,,,
,,,,,,,,,,,,,,,classification,0.904751328355914,0.8645271601405002,0.755126770576616,0.8910658120931852,0.8645271601405002,0.8764225717221901,0.9032267700526965,0.904751328355914,0.9030803522384595,0.7512042950534622,
classification,0.8887041234930072,0.8372082237476662,0.7048198062621787,0.8682968892176173,0.8372082237476662,0.8508547495723178,0.886224062117022,0.8887041234930072,0.8862554415572751,0.4529919096869245,,0.0,4.0,0.0,,,,,,,,,,,,
classification,0.8950889880695589,0.8419377436823585,0.7210341930417943,0.8801059674903725,0.8419377436823585,0.8583062778203469,0.8929922275761528,0.8950889880695589,0.8923216208519362,0.43903622214399035,,0.0,4.0,1.0,,,,,,,,,,,,
classification,0.9009483171097115,0.8540721207587754,0.7380120607777952,0.8845698163740481,0.8540721207587754,0.867594648723401,0.8990582952885693,0.9009483171097115,0.898906032384102,0.4802248018200888,,0.0,4.0,2.0,,,,,,,,,,,,
classification,0.902956333487595,0.8664673560533637,0.7466015083063182,0.8802615724141749,0.8664673560533637,0.8729958871669234,0.9016381989319687,0.902956333487595,0.90206024417079,0.5199961385047718,,0.0,4.0,3.0,,,,,,,,,,,,
classification,0.9095686686694539,0.8646819964883388,0.7610074515411317,0.8970118808152122,0.8646819964883388,0.8789915461351752,0.9080873648558042,0.9095686686694539,0.9076520519166499,0.5709140746180409,,0.0,4.0,4.0,,,,,,,,,,,,
classification,0.9054192910760929,0.8699941432771201,0.7531884495240505,0.8833120407473243,0.8699941432771201,0.8763129170658288,0.904185029540314,0.9054192910760929,0.9045834446820071,0.5507214908963463,,0.0,4.0,5.0,,,,,,,,,,,,
classification,0.9047447230741475,0.8690985857928654,0.7514123894528556,0.8824320931834386,0.8690985857928654,0.8754233176527959,0.9034950222439103,0.9047447230741475,0.9038999389241607,0.5777880807089826,,0.0,4.0,6.0,,,,,,,,,,,,
classification,0.9096157315533104,0.8798106145962707,0.7658818871347305,0.8860970721319696,0.8798106145962707,0.8828777822080958,0.9089721567800456,0.9096157315533104,0.9092448222845594,0.5863126361944886,,0.0,4.0,7.0,,,,,,,,,,,,
classification,0.9117100298849312,0.8750017085587991,0.7686454999042003,0.8938754751235619,0.8750017085587991,0.883786196901005,0.9103781457639288,0.9117100298849312,0.9106269106371269,0.6348219720774381,,0.0,4.0,8.0,,,,,,,,,,,,
classification,0.9135533261693166,0.8787248388837356,0.7739122725702499,0.89536633469842,0.8787248388837356,0.8865390394864731,0.9123441952150763,0.9135533261693166,0.9126244495101312,0.6001030424156731,,0.0,4.0,9.0,,,,,,,,,,,,
,,,,,,,,,,,,,,,classification,0.9070071216404824,0.873780321208369,0.7708260874921811,0.8974077977390853,0.873780321208369,0.8843800039930203,0.9058710421316406,0.9070071216404824,0.9055839461382454,0.6559356210343499,
classification,0.8834292557969327,0.8391636614869525,0.699717065536486,0.8608906461680492,0.8391636614869525,0.8489983689816724,0.8811809149807066,0.8834292557969327,0.8816217751674487,0.5027255958020916,,1.0,4.0,0.0,,,,,,,,,,,,
classification,0.889716890116105,0.8380987205020373,0.7132958362108063,0.8762147851374431,0.8380987205020373,0.8542529935147947,0.8876522580561477,0.889716890116105,0.886780998490537,0.5219210548769837,,1.0,4.0,1.0,,,,,,,,,,,,
classification,0.8956302604877076,0.8505637819553494,0.7301659857000194,0.8802035422053285,0.8505637819553494,0.8636258202235924,0.893718752605068,0.8956302604877076,0.8935164849851743,0.5756845206718922,,1.0,4.0,2.0,,,,,,,,,,,,
classification,0.9008616387770717,0.8635718429491701,0.745736147570149,0.8824020015423175,0.8635718429491701,0.8722677813409905,0.8993146306444907,0.9008616387770717,0.8996110847533589,0.559975117104916,,1.0,4.0,3.0,,,,,,,,,,,,
classification,0.9034149505971589,0.8644118681737412,0.7515957365186158,0.8875396223948133,0.8644118681737412,0.8749192999089743,0.9018431411302402,0.9034149505971589,0.9019308072960561,0.578127622047675,,1.0,4.0,4.0,,,,,,,,,,,,
classification,0.9025998868891181,0.8643995585392534,0.7497866215254485,0.8856892555469353,0.8643995585392534,0.8741401808086858,0.9010343488749544,0.9025998868891181,0.9012185893924288,0.6330156916308458,,1.0,4.0,5.0,,,,,,,,,,,,
classification,0.9024002794504142,0.8585842926578492,0.7477845055809236,0.8898537095993643,0.8585842926578492,0.8723319054460814,0.9008089501999408,0.9024002794504142,0.9003643221284983,0.6185116117085623,,1.0,4.0,6.0,,,,,,,,,,,,
classification,0.9042632822116504,0.8625355440782809,0.7530300528262331,0.8910335618960976,0.8625355440782809,0.8752155585999459,0.9027127801163123,0.9042632822116504,0.9024551539262932,0.6569328788857874,,1.0,4.0,7.0,,,,,,,,,,,,
classification,0.9062843075285272,0.8661319031907999,0.7585539039215184,0.8928939407765292,0.8661319031907999,0.8781335194145808,0.904801158497673,0.9062843075285272,0.904633880621037,0.6640984592968715,,1.0,4.0,8.0,,,,,,,,,,,,
classification,0.9083718686583053,0.8653264327544429,0.7633066174936725,0.8987098523892301,0.8653264327544429,0.879937544323963,0.9071027512656983,0.9083718686583053,0.9063731610892668,0.7189263290804285,,1.0,4.0,9.0,,,,,,,,,,,,
,,,,,,,,,,,,,,,classification,0.9077193730674912,0.8732894465043248,0.7679278091152638,0.894943605782957,0.8732894465043248,0.8831529028752767,0.9064355890316116,0.9077193730674912,0.9064197865150603,0.6799311221850475,
classification,0.8720371804802479,0.8114248910829027,0.6701001128217785,0.8604674626700162,0.8114248910829027,0.8307416297280028,0.8696948629802315,0.8720371804802479,0.8673861855376023,0.6417123660146905,,2.0,4.0,0.0,,,,,,,,,,,,
classification,0.8844074360960495,0.845105966219561,0.7079935780957268,0.8631166624817818,0.845105966219561,0.8533687731847788,0.8824832988587261,0.8844074360960495,0.8829385120520139,0.5328991387634158,,2.0,4.0,1.0,,,,,,,,,,,,
classification,0.8907281177381875,0.8443229987112286,0.7213795456058537,0.8778345120470292,0.8443229987112286,0.8587256059904593,0.8888383364262504,0.8907281177381875,0.8881973958799043,0.6266262086149814,,2.0,4.0,2.0,,,,,,,,,,,,
classification,0.8922075910147172,0.8416197947677369,0.7243515491767337,0.8839686508443263,0.8416197947677369,0.8591771717229667,0.8907783944755633,0.8922075910147172,0.8890706415272498,0.7104534631201893,,2.0,4.0,3.0,,,,,,,,,,,,
classification,0.8967544539116964,0.8490087629152137,0.736521390561793,0.888574597829554,0.8490087629152137,0.8656671669856036,0.8954192881209314,0.8967544539116964,0.893991862549566,0.6856948884632956,,2.0,4.0,4.0,,,,,,,,,,,,
classification,0.8973276529821843,0.8572827746856146,0.7396291796332216,0.8827859626358152,0.8572827746856146,0.868671900391746,0.8956382694260758,0.8973276529821843,0.8955604571628685,0.6887767927946562,,2.0,4.0,5.0,,,,,,,,,,,,
classification,0.8979318357862123,0.8578709387613656,0.7411339370796668,0.8837134097786272,0.8578709387613656,0.8693987582112606,0.8962651079699722,0.8979318357862123,0.8961553451833405,0.7431320027661258,,2.0,4.0,6.0,,,,,,,,,,,,
classification,0.8999767621998451,0.8587799884719624,0.7459796797303754,0.8877624870750846,0.8587799884719624,0.8715544977124257,0.8984166517718676,0.8999767621998451,0.8980377636691368,0.7855208595012785,,2.0,4.0,7.0,,,,,,,,,,,,
classification,0.8992718822618125,0.8590211492507984,0.7444378384322721,0.8859018448120581,0.8590211492507984,0.8709686107246652,0.8976602132048934,0.8992718822618125,0.8974565857709905,0.7544623782166332,,2.0,4.0,8.0,,,,,,,,,,,,
classification,0.9012548412083656,0.8658630739167452,0.7507452642627743,0.8851293639579205,0.8658630739167452,0.8747139480095483,0.8997866752261713,0.9012548412083656,0.899988989789223,0.7969680409827188,,2.0,4.0,9.0,,,,,,,,,,,,
,,,,,,,,,,,,,,,classification,0.9188979223125565,0.8884395020671552,0.7864478957816705,0.8980673241830128,0.8884395020671552,0.8930893605667312,0.9181118336465811,0.9188979223125565,0.9184015855670862,0.5828702454840315,
classification,0.8814583301019063,0.8331781399326126,0.6847536377993754,0.8518294631922083,0.8331781399326126,0.8417839860424359,0.8791433681815575,0.8814583301019063,0.8798454020225477,0.42137789131925363,,3.0,4.0,0.0,,,,,,,,,,,,
classification,0.8952242093344295,0.8506431003921637,0.7213616307854024,0.8710058759087196,0.8506431003921637,0.8600278911478043,0.8932729964591287,0.8952242093344295,0.8937468545205086,0.4153230152143976,,3.0,4.0,1.0,,,,,,,,,,,,
classification,0.8957360673791317,0.8472787011020781,0.7212444341325648,0.8744784319599688,0.8472787011020781,0.8594891545488015,0.8935522915173681,0.8957360673791317,0.893773453958818,0.44005529137822097,,3.0,4.0,2.0,,,,,,,,,,,,
classification,0.901009756324549,0.871348605856958,0.7426396692386565,0.871291065610828,0.871348605856958,0.8713198291447484,0.9010174345807727,0.901009756324549,0.9010135912415188,0.4452959065873779,,3.0,4.0,3.0,,,,,,,,,,,,
classification,0.9083463882986149,0.8701628284353307,0.7572743777823854,0.887305557982226,0.8701628284353307,0.8781984763612954,0.9069473868012988,0.9083463882986149,0.9073096572973097,0.4835700015656714,,3.0,4.0,4.0,,,,,,,,,,,,
classification,0.90588791859906,0.8745275212415474,0.7538292603762,0.8793169537418564,0.8745275212415474,0.876878316994567,0.9053458598226771,0.90588791859906,0.9055889652201133,0.5009151131048598,,3.0,4.0,5.0,,,,,,,,,,,,
classification,0.9103550433528254,0.8628400267474399,0.7599447738780386,0.8979136925172617,0.8628400267474399,0.8782664597777622,0.9088516560722611,0.9103550433528254,0.9082916137931654,0.5419972725614588,,3.0,4.0,6.0,,,,,,,,,,,,
classification,0.9100991143304742,0.8810144967877575,0.7652909568966326,0.8842834417360823,0.8810144967877575,0.8826288121913922,0.9097407459768332,0.9100991143304742,0.9099071128599284,0.5260018438127709,,3.0,4.0,7.0,,,,,,,,,,,,
classification,0.9135192567200757,0.8754879205682355,0.7706007878363853,0.8953692926495518,0.8754879205682355,0.8847304752976397,0.9121661578359225,0.9135192567200757,0.9124045899864364,0.5528167113181692,,3.0,4.0,8.0,,,,,,,,,,,,
classification,0.9119604163112097,0.8778157304068044,0.7679077942476402,0.8901917872975731,0.8778157304068044,0.883725191541431,0.9108936411974242,0.9119604163112097,0.9112512029222803,0.5433548826583166,,3.0,4.0,9.0,,,,,,,,,,,,
,,,,,,,,,,,,,,,classification,0.8934739273804423,0.8637143251381112,0.7381816619309789,0.8745468134945369,0.8637143251381112,0.8688488425863713,0.8923097643560811,0.8934739273804423,0.8926925819839066,0.7606568328534845,
classification,0.8889750626416896,0.8353211929210119,0.7012614663812929,0.866639251121746,0.8353211929210119,0.8491065422266351,0.8863656989440971,0.8889750626416896,0.8865017891781513,0.47222205648109244,,4.0,4.0,0.0,,,,,,,,,,,,
classification,0.8974242333850376,0.8502593138756814,0.7255553837255748,0.8757434806144896,0.8502593138756814,0.861790628821937,0.8953406065284435,0.8974242333850376,0.8956255184841965,0.4312594786980724,,4.0,4.0,1.0,,,,,,,,,,,,
classification,0.9049934375372867,0.8540921545871569,0.7444194452536015,0.8912542986992936,0.8540921545871569,0.870269500944445,0.9032416509820728,0.9049934375372867,0.9026289905172136,0.508581675624191,,4.0,4.0,2.0,,,,,,,,,,,,
classification,0.9049486934733325,0.870494481213586,0.7496971606093683,0.8792538493317906,0.870494481213586,0.8747291217874984,0.9040216073148382,0.9049486934733325,0.9043935071482914,0.500294806136595,,4.0,4.0,3.0,,,,,,,,,,,,
classification,0.9086251640615678,0.8706609663574212,0.7576211405481029,0.8871393569210637,0.8706609663574212,0.8784071220033589,0.9072578345048177,0.9086251640615678,0.9076320446670834,0.46034704583984265,,4.0,4.0,4.0,,,,,,,,,,,,
classification,0.909818339100346,0.8826240025360439,0.7650689048082144,0.8824449232306731,0.8826240025360439,0.8825344019697308,0.9098395252988148,0.909818339100346,0.9098288934882686,0.5075269603337583,,4.0,4.0,5.0,,,,,,,,,,,,
classification,0.9146283259754205,0.8725284389488497,0.771951684806931,0.8999086656026287,0.8725284389488497,0.8849348131398178,0.9132021712519239,0.9146283259754205,0.9131166245292393,0.5399835797466286,,4.0,4.0,6.0,,,,,,,,,,,,
classification,0.9132710893688104,0.8740298039704705,0.7691649808444199,0.8954329049965926,0.8740298039704705,0.8839286106063342,0.9118631861687009,0.9132710893688104,0.912065567934085,0.5505243662292092,,4.0,4.0,7.0,,,,,,,,,,,,
classification,0.9147849301992602,0.877618192923239,0.7736932531177187,0.8963005895491643,0.877618192923239,0.8863471279672543,0.9134950528985643,0.9147849301992602,0.9137568330808349,0.565579202739229,,4.0,4.0,8.0,,,,,,,,,,,,
classification,0.9128161913852763,0.882267041272282,0.7710419244185144,0.8888025810650194,0.882267041272282,0.8854564401439122,0.9121762815622229,0.9128161913852763,0.9124467301672069,0.5759156993435012,,4.0,4.0,9.0,,,,,,,,,,,,
,,,,,,,,,,,,,,,classification,0.9052980471886692,0.8746587673924551,0.7595431298308836,0.8849541344570923,0.8746587673924551,0.8795879175473084,0.9043073079589291,0.9052980471886692,0.904656387146226,0.6586198757759678,
